{
  "run_name": "baseline",
  "split": {
    "seed": 42,
    "validation_fraction": 0.1
  },
  "input_size": 224,
  "param_count": 137962,
  "metrics": {
    "mpke_px": 18.099241256713867,
    "median_sample_mpke_px": 17.22201156616211,
    "p75_sample_mpke_px": 21.537906646728516,
    "p90_sample_mpke_px": 26.320396423339844,
    "p95_sample_mpke_px": 30.056838989257812,
    "max_sample_mpke_px": 75.98968505859375,
    "representative_indices": {
      "best": 3089,
      "median": 125,
      "p90": 2135,
      "worst": 2984
    },
    "n_samples": 3256
  }
}