{
  "loss": [
    653.127685546875,
    486.9143371582031,
    460.0077209472656,
    436.6825256347656,
    422.0851745605469,
    406.4975891113281,
    386.9857482910156,
    371.68365478515625,
    358.0310974121094,
    348.65045166015625,
    340.9237060546875,
    334.9066467285156,
    329.38861083984375,
    325.3177490234375,
    320.019287109375,
    315.3160095214844,
    310.0871887207031,
    306.51019287109375,
    302.2747497558594,
    298.28851318359375,
    295.2371826171875,
    292.7240295410156,
    288.93597412109375,
    286.6686096191406,
    283.7528076171875,
    281.4666442871094,
    278.58538818359375,
    276.50335693359375,
    273.7825012207031,
    272.1363220214844
  ],
  "mae": [
    19.687288284301758,
    17.781755447387695,
    17.204458236694336,
    16.722400665283203,
    16.410621643066406,
    16.044755935668945,
    15.599241256713867,
    15.249227523803711,
    14.931602478027344,
    14.707704544067383,
    14.530457496643066,
    14.387486457824707,
    14.252182006835938,
    14.156634330749512,
    14.017797470092773,
    13.909175872802734,
    13.779583930969238,
    13.685612678527832,
    13.58456039428711,
    13.48267936706543,
    13.402815818786621,
    13.34371280670166,
    13.250102996826172,
    13.196305274963379,
    13.114080429077148,
    13.065958023071289,
    12.991342544555664,
    12.939167976379395,
    12.868390083312988,
    12.836982727050781
  ],
  "val_loss": [
    607.2068481445312,
    449.3869323730469,
    384.6315612792969,
    433.8907470703125,
    421.76519775390625,
    475.6619567871094,
    347.041259765625,
    349.1182861328125,
    363.6025695800781,
    293.1347961425781,
    297.11199951171875,
    286.4201965332031,
    310.1936950683594,
    263.4896545410156,
    280.3594665527344,
    256.47772216796875,
    258.9244384765625,
    274.5402526855469,
    243.10289001464844,
    248.46697998046875,
    274.12884521484375,
    282.20086669921875,
    254.9591522216797,
    251.5439910888672,
    311.0655822753906,
    239.283203125,
    217.2206573486328,
    242.1360321044922,
    206.96632385253906,
    225.1708984375
  ],
  "val_mae": [
    19.519023895263672,
    16.850303649902344,
    15.668553352355957,
    16.690902709960938,
    16.440465927124023,
    17.416013717651367,
    14.743736267089844,
    14.668420791625977,
    14.967294692993164,
    13.371262550354004,
    13.586475372314453,
    13.314160346984863,
    13.553873062133789,
    12.603570938110352,
    13.009452819824219,
    12.40463924407959,
    12.3683443069458,
    12.747152328491211,
    12.016094207763672,
    12.169963836669922,
    12.846488952636719,
    12.782567024230957,
    12.34633731842041,
    12.213728904724121,
    13.624834060668945,
    11.877924919128418,
    11.277019500732422,
    11.91012954711914,
    11.06902027130127,
    11.478310585021973
  ]
}