{
  "run_name": "improved-model-1-online-augmented",
  "model_id": "improved-model-1",
  "split": {
    "seed": 42,
    "validation_fraction": 0.1
  },
  "input_size": 224,
  "param_count": 754229,
  "metrics": {
    "mpke_px": 8.425704956054688,
    "median_sample_mpke_px": 7.1501383781433105,
    "p75_sample_mpke_px": 10.04605484008789,
    "p90_sample_mpke_px": 14.184776306152344,
    "p95_sample_mpke_px": 17.27362823486328,
    "max_sample_mpke_px": 54.397193908691406,
    "representative_indices": {
      "best": 1138,
      "median": 2644,
      "p90": 2689,
      "worst": 2324
    },
    "n_samples": 3256
  }
}