{
  "loss": [
    0.004953698720782995,
    0.002275172621011734,
    0.001932319370098412,
    0.0017537869280204177,
    0.0016414769925177097,
    0.001563269761390984,
    0.0015054983086884022,
    0.001459105871617794,
    0.0014211443485692143,
    0.001389354350976646,
    0.0013624618295580149,
    0.0013377770083025098,
    0.0013181474059820175,
    0.0012987953377887607,
    0.001282772165723145,
    0.0012675310717895627,
    0.001254159607924521,
    0.0012412321520969272,
    0.0012293459149077535,
    0.0012189211556687951,
    0.001209000707603991,
    0.0011988116893917322,
    0.00119020976126194,
    0.0011823506793007255,
    0.0011743742506951094,
    0.0011669943341985345,
    0.0011600367724895477,
    0.0011530558113008738,
    0.0011479896493256092,
    0.001140976557508111
  ],
  "mae": [
    0.025049250572919846,
    0.010140825062990189,
    0.008205322548747063,
    0.007340590935200453,
    0.0068923113867640495,
    0.006626133807003498,
    0.006436691153794527,
    0.006287524942308664,
    0.006168630439788103,
    0.006070214323699474,
    0.005985719617456198,
    0.005909339524805546,
    0.0058515374548733234,
    0.005793136544525623,
    0.005746715236455202,
    0.005702192895114422,
    0.005663126241415739,
    0.005625554826110601,
    0.0055907294154167175,
    0.005559889599680901,
    0.005531005561351776,
    0.00550168426707387,
    0.005476183723658323,
    0.0054542128928005695,
    0.005429666489362717,
    0.005409098230302334,
    0.005388167221099138,
    0.005368978716433048,
    0.0053530908189713955,
    0.005334711633622646
  ],
  "val_loss": [
    0.0025345892645418644,
    0.0020750912372022867,
    0.001797520904801786,
    0.0019543799571692944,
    0.0016997309867292643,
    0.0016337010310962796,
    0.0015883693704381585,
    0.001517098513431847,
    0.001540489844046533,
    0.00147712929174304,
    0.001463493681512773,
    0.0014524456346407533,
    0.0014586914330720901,
    0.0014325611991807818,
    0.0014483688864856958,
    0.001427756971679628,
    0.0014233707915991545,
    0.0014117903774604201,
    0.0013808268122375011,
    0.0014024066040292382,
    0.0013791793026030064,
    0.0014187881024554372,
    0.00142213748767972,
    0.0013812507968395948,
    0.0013988623395562172,
    0.0013756431872025132,
    0.001378795481286943,
    0.001391602330841124,
    0.0013912336435168982,
    0.0013804389163851738
  ],
  "val_mae": [
    0.01149686612188816,
    0.008839085698127747,
    0.007524712476879358,
    0.008110316470265388,
    0.0065285824239254,
    0.006654761731624603,
    0.006489159539341927,
    0.006311730016022921,
    0.0063352216966450214,
    0.0061806184239685535,
    0.005942700430750847,
    0.006002672016620636,
    0.006140988320112228,
    0.006025847513228655,
    0.006221582647413015,
    0.006076796445995569,
    0.0059845540672540665,
    0.0058187078684568405,
    0.0058340574614703655,
    0.0057999929413199425,
    0.005763544235378504,
    0.006012815050780773,
    0.005791952367872,
    0.005902185570448637,
    0.005795844830572605,
    0.0058518447913229465,
    0.005716938991099596,
    0.005749266594648361,
    0.005670836661010981,
    0.005796501412987709
  ]
}