{
  "run_name": "improved-model-1",
  "model_id": "improved-model-1",
  "split": {
    "seed": 42,
    "validation_fraction": 0.1
  },
  "input_size": 224,
  "param_count": 754229,
  "metrics": {
    "mpke_px": 8.482645034790039,
    "median_sample_mpke_px": 7.251946449279785,
    "p75_sample_mpke_px": 10.398750305175781,
    "p90_sample_mpke_px": 14.272793769836426,
    "p95_sample_mpke_px": 17.769163131713867,
    "max_sample_mpke_px": 53.668060302734375,
    "representative_indices": {
      "best": 1394,
      "median": 885,
      "p90": 1803,
      "worst": 2984
    },
    "n_samples": 3256
  }
}