{
  "loss": [
    0.005018593743443489,
    0.002367832697927952,
    0.0020284100901335478,
    0.001853869529440999,
    0.0017470011953264475,
    0.0016700822161510587,
    0.001616797293536365,
    0.0015733141917735338,
    0.001537803909741342,
    0.0015079445438459516,
    0.0014836405171081424,
    0.0014613873790949583,
    0.0014452420873567462,
    0.001426362432539463,
    0.0014124203007668257,
    0.0013997451169416308,
    0.0013870198745280504,
    0.001376015250571072,
    0.0013654287904500961,
    0.0013561219675466418,
    0.0013481719652190804,
    0.0013396734138950706,
    0.0013326614862307906,
    0.0013256919337436557,
    0.0013185881543904543,
    0.0013123370008543134,
    0.0013062035432085395,
    0.0013014798751100898,
    0.001296995091252029,
    0.001291241031140089
  ],
  "mae": [
    0.0251852348446846,
    0.010379504412412643,
    0.008463378064334393,
    0.007650848012417555,
    0.007233947981148958,
    0.006966287270188332,
    0.006784504279494286,
    0.006644370499998331,
    0.0065339901484549046,
    0.006440212018787861,
    0.006363267078995705,
    0.00629389425739646,
    0.006246458273380995,
    0.006187888327986002,
    0.006146126426756382,
    0.006110379938036203,
    0.00607185298576951,
    0.006037367042154074,
    0.006007800344377756,
    0.005980255082249641,
    0.0059586176648736,
    0.00593163724988699,
    0.005907604470849037,
    0.0058923689648509026,
    0.005868460983037949,
    0.005850490648299456,
    0.005831544753164053,
    0.005818554665893316,
    0.005805172957479954,
    0.005787392146885395
  ],
  "val_loss": [
    0.0027317055501043797,
    0.002447086852043867,
    0.001992415636777878,
    0.0019365102052688599,
    0.0016909465193748474,
    0.0016350668156519532,
    0.0015710281440988183,
    0.0015182126080617309,
    0.0015241720248013735,
    0.001522068865597248,
    0.0014618841232731938,
    0.0014266588259488344,
    0.0014591427752748132,
    0.0014551150379702449,
    0.0014437264762818813,
    0.0013919854536652565,
    0.0014215832343325019,
    0.0014115144731476903,
    0.0014338995097205043,
    0.0013998240465298295,
    0.0013760629808530211,
    0.0014006218407303095,
    0.0013597126817330718,
    0.0013491210993379354,
    0.0013635822106152773,
    0.001348329707980156,
    0.0013234032085165381,
    0.0013656059745699167,
    0.001328090438619256,
    0.0013433259446173906
  ],
  "val_mae": [
    0.011539701372385025,
    0.008607525378465652,
    0.00873348768800497,
    0.007944147102534771,
    0.006810460239648819,
    0.006504456512629986,
    0.006720784120261669,
    0.006432780064642429,
    0.006344389170408249,
    0.006537154316902161,
    0.0062406002543866634,
    0.005957595072686672,
    0.006448750384151936,
    0.006236962042748928,
    0.006372618023306131,
    0.006044258829206228,
    0.006113401148468256,
    0.006056581158190966,
    0.005964189767837524,
    0.005904827266931534,
    0.005923560354858637,
    0.005979784764349461,
    0.005903040524572134,
    0.005799488630145788,
    0.005995319224894047,
    0.005793638061732054,
    0.005824506748467684,
    0.00587138207629323,
    0.0059675248339772224,
    0.005850817076861858
  ]
}