{
  "run_name": "baseline-model-1",
  "model_id": "baseline-model-1",
  "split": {
    "seed": 42,
    "validation_fraction": 0.1
  },
  "input_size": 224,
  "param_count": 137962,
  "metrics": {
    "mpke_px": 17.353002548217773,
    "median_sample_mpke_px": 16.479026794433594,
    "p75_sample_mpke_px": 20.69357681274414,
    "p90_sample_mpke_px": 25.123626708984375,
    "p95_sample_mpke_px": 28.06580352783203,
    "max_sample_mpke_px": 65.94575500488281,
    "representative_indices": {
      "best": 1152,
      "median": 2270,
      "p90": 2170,
      "worst": 2984
    },
    "n_samples": 3256
  }
}